# Object,[Fe/H],[Co/Fe]
SAGA_Car_000001,-1.94,-0.23
SAGA_Car_000001,-2.13,
SAGA_Car_000001,-2.02,
SAGA_Car_000003,-1.65,-0.15
SAGA_Car_000003,-2.19,
SAGA_Car_000003,-1.82,
SAGA_Car_000003,-1.82,
SAGA_Car_000004,-1.41,0
SAGA_Car_000004,-1.67,
SAGA_Car_000004,-1.29,-0.27
SAGA_Car_000004,-0.99,
SAGA_Car_000005,-1.59,0.03
SAGA_Car_000005,-1.7,
SAGA_Car_000005,-1.39,
SAGA_Car_000323,-1.3,-0.01
SAGA_Car_000323,-1.43,
SAGA_Car_000323,-2,
SAGA_Car_000323,-1.61,
SAGA_Car_000323,-1.53,
SAGA_Car_000324,-1.85,
SAGA_Car_000324,-1.6,-0.09
SAGA_Car_000324,-1.49,
SAGA_Car_000324,-1.63,
SAGA_Car_000429,-2.86,-0.26
SAGA_Car_000429,-2.62,
SAGA_Car_000438,-2.08,
SAGA_Car_000438,-1.72,-0.15
SAGA_Car_000438,-1.68,0.07
SAGA_Car_000438,-1.56,
SAGA_Car_000458,-1.58,0.09
SAGA_Car_000458,-1.33,
SAGA_Car_000477,-1.9,
SAGA_Car_000477,-1.59,0.15
SAGA_Car_000477,-1.56,
SAGA_Car_000513,-1.47,0.16
SAGA_Car_000513,-1.36,
SAGA_Car_000617,-1.95,
SAGA_Car_000617,-1.63,-0.2
SAGA_Car_000617,-1.56,
SAGA_Car_000617,-1.7,
SAGA_Car_000619,-1.68,0.02
SAGA_Car_000619,-1.89,
SAGA_Car_000619,-1.57,0.08
SAGA_Car_000619,-1.66,
SAGA_Car_000717,-1.35,-0.26
SAGA_Car_000717,-1.3,
SAGA_Car_000717,-1.92,
SAGA_Car_000717,-1.34,
SAGA_Car_000717,-1.39,
SAGA_Car_000897,-1.75,-0.27
SAGA_Car_000897,-1.88,
SAGA_Car_000897,-1.5,
SAGA_Car_000930,-1.53,-0.13
SAGA_Car_000930,-1.41,
SAGA_Car_000930,-1.76,
SAGA_Car_000930,-1.43,-0.03
SAGA_Car_000930,-1.37,
SAGA_Car_001198,-1.39,
SAGA_Car_001198,-1.53,
SAGA_Car_001198,-1.28,-0.41
SAGA_Car_001201,-1.5,-0.11
SAGA_Car_001203,-1.83,
SAGA_Car_001203,-1.39,0.43
SAGA_Car_001206,-1.62,
SAGA_Car_001206,-1.18,
SAGA_Car_001206,-1.3,-0.04
SAGA_Car_001208,-1.8,
SAGA_Car_001208,-1.43,0.4
SAGA_Car_001208,-1.26,
SAGA_Car_001211,-1.2,-0.33
SAGA_Car_001213,-1.39,0.04
SAGA_Car_001214,-1.75,-0.18
SAGA_Car_001216,-1.73,0.07
SAGA_Car_001217,-1.67,0
SAGA_Car_001218,-1.54,-0.11
SAGA_Car_001226,-2.03,
SAGA_Car_001226,-1.27,0.42
SAGA_Dra_000002,-1.44,
SAGA_Dra_000002,-1.44,0.05
SAGA_Dra_000003,-2.55,
SAGA_Dra_000003,-2.47,
SAGA_Dra_000003,-2.36,
SAGA_Dra_000003,-2.36,-0.14
SAGA_Dra_000003,-2.39,
SAGA_Dra_000005,-2.05,
SAGA_Dra_000005,-1.86,-0.27
SAGA_Dra_000005,-1.78,
SAGA_Dra_000005,-1.95,
SAGA_Dra_000006,-2.05,
SAGA_Dra_000006,-2.11,
SAGA_Dra_000006,-1.72,-0.26
SAGA_Dra_000006,-1.74,
SAGA_Dra_000006,-1.99,
SAGA_Dra_000007,-2.03,
SAGA_Dra_000007,-1.94,0.18
SAGA_Dra_000007,-1.73,
SAGA_Dra_000007,-1.94,
SAGA_Dra_000008,-2.39,0.52
SAGA_Dra_000009,-2.6,
SAGA_Dra_000009,-2.5,0.12
SAGA_Dra_000009,-2.55,
SAGA_Dra_000009,-2.33,
SAGA_Dra_000009,-2.59,
SAGA_Dra_000009,-2.51,
SAGA_Dra_000010,-1.74,
SAGA_Dra_000010,-1.54,-0.17
SAGA_Dra_000010,-1.41,
SAGA_Dra_000010,-1.63,
SAGA_Dra_000011,-2.7,0.08
SAGA_Dra_000011,-2.56,
SAGA_Dra_000012,-3.06,0.1
SAGA_Dra_000012,-2.76,
SAGA_Dra_000013,-1.87,
SAGA_Dra_000013,-1.78,-0.09
SAGA_Dra_000013,-1.59,
SAGA_Dra_000013,-1.75,
SAGA_Dra_000014,-2.04,-0.17
SAGA_For_000001,-1.21,-0.03
SAGA_For_000001,-0.92,
SAGA_For_000001,-0.89,
SAGA_For_000002,-1.6,0.08
SAGA_For_000003,-0.67,-0.04
SAGA_For_000003,-0.62,
SAGA_For_000003,-0.73,
SAGA_For_000003,-0.35,
SAGA_For_000003,-0.62,
SAGA_For_000659,-3.66,-0.32
SAGA_For_000659,-2.61,
SAGA_Scl_000002,-1.66,0.06
SAGA_Scl_000002,-1.86,
SAGA_Scl_000002,-1.6,
SAGA_Scl_000002,-1.58,
SAGA_Scl_000002,-1.6,
SAGA_Scl_000002,-1.79,
SAGA_Scl_000003,-1.56,0.1
SAGA_Scl_000003,-1.79,
SAGA_Scl_000003,-1.77,
SAGA_Scl_000003,-1.75,
SAGA_Scl_000003,-1.77,
SAGA_Scl_000003,-1.76,
SAGA_Scl_000004,-1.77,-0.06
SAGA_Scl_000004,-1.77,
SAGA_Scl_000004,-1.8,
SAGA_Scl_000004,-1.78,
SAGA_Scl_000004,-1.8,
SAGA_Scl_000004,-1.68,
SAGA_Scl_000005,-1.24,-0.14
SAGA_Scl_000005,-1.22,
SAGA_Scl_000005,-1.35,
SAGA_Scl_000005,-1.33,
SAGA_Scl_000005,-1.35,
SAGA_Scl_000005,-1.07,
SAGA_Scl_000026,-1.89,
SAGA_Scl_000026,-2.03,
SAGA_Scl_000026,-2.03,-0.04
SAGA_Scl_000058,-2.44,-0.57
SAGA_Scl_000058,-2.1,
SAGA_Scl_000058,-2.83,
SAGA_Scl_000298,-3.78,
SAGA_Scl_000298,-3.68,0.5
SAGA_Scl_000298,-3.63,
SAGA_Scl_000298,-3.7,
SAGA_Scl_000435,-3.96,0.4
SAGA_Scl_000435,-4.05,0.2
SAGA_Scl_000435,-3.87,
SAGA_Scl_000442,-2.38,-0.03
SAGA_Scl_000444,-3.31,-0.24
SAGA_Scl_000444,-3,
SAGA_Scl_000445,-3.88,0.18
SAGA_Scl_000445,-3.47,
SAGA_Scl_000448,-3.45,-0.3
SAGA_Scl_000448,-3.35,
SAGA_Scl_000450,-3.22,-0.14
SAGA_Scl_000450,-3,
SAGA_Scl_000450,-2.81,
SAGA_Scl_000452,-3.52,0.7
SAGA_Scl_000452,-3.91,
SAGA_UMi_000001,-1.61,
SAGA_UMi_000001,-1.68,-0.01
SAGA_UMi_000001,-1.67,-0.25
SAGA_UMi_000001,-1.47,
SAGA_UMi_000001,-1.6,
SAGA_UMi_000002,-2.2,
SAGA_UMi_000002,-1.91,-0.22
SAGA_UMi_000002,-2.01,
SAGA_UMi_000002,-2.19,
SAGA_UMi_000004,-2.1,
SAGA_UMi_000004,-2.01,0.19
SAGA_UMi_000004,-1.95,
SAGA_UMi_000004,-1.68,
SAGA_UMi_000006,-1.47,
SAGA_UMi_000006,-1.45,-0.34
SAGA_UMi_000006,-1.51,-0.09
SAGA_UMi_000006,-1.34,
SAGA_UMi_000006,-1.55,
SAGA_UMi_000008,-2.47,0.37
SAGA_UMi_000025,-2.48,0.51
SAGA_UMi_000034,-3.13,-0.07
SAGA_UMi_000038,-3.14,-0.03
SAGA_UMi_000038,-3.45,
SAGA_UMi_000082,-1.6,-0.15
SAGA_UMi_000098,-1.4,-0.38
SAGA_UMi_000151,-2.2,-0.1
SAGA_UMi_000221,-2.13,0.08
SAGA_UMi_000222,-1.96,-0.03